n_hit,batch,uid,aHIVdeath,aHIVslowrecov,aHIVtreatinit,alphaH,alphaHmul2010,atheta,chi,epsilonH,epsilonHmul2010,eta,j1A0,j2A0,j3A0,j4A0,kappa,lambdaH,muDc,muH1,muH2,muK,multiplier,omegaS0,pEhigh,phiH,phiHmul2010,pR,pT,rho,sageA15,sigma,smul,theta,zeta
38,1,41db673d450333d78cac68cc3b6ab6e5,3.410456169,1.753087038,2.929462075,0.222683672,2.087042701,25.62569245,0.165883765,0.523848734,0.291770345,0.451631277,0.571138761,0.87575637,0.330348943,0.618539393,0.058566423,1.124802969,0.128126727,0.004469696,0.012035062,0.017333879,1.319601619,0.031185369,0.398469311,2.215691225,3.665542449,0.732492724,0.001009262,0.002370126,0.658555763,0.000929116,1.062383325,0.108591,0.331500265
